,Bias
Yahoo News,LEFT-CENTER BIAS
Associated Press,LEAST BIASED
Washington Post,LEFT-CENTER BIAS
CBS News,LEFT-CENTER BIAS
The New York Times,LEFT-CENTER BIAS
BBC,LEFT-CENTER BIAS
Reuters,LEAST BIASED
Business Insider,LEFT-CENTER BIAS
Yahoo News Video,QUESTIONABLE SOURCE
The Independent,LEFT-CENTER BIAS
Architectural Digest,LEFT BIAS
INSIDER,LEFT-CENTER BIAS
USA TODAY,LEFT-CENTER BIAS
LA Times,LEFT-CENTER BIAS
Fort Worth Star-Telegram,RIGHT-CENTER BIAS
Kansas City Star,LEFT-CENTER BIAS
WABC – NY,N/A
Yahoo Sports,LEFT-CENTER BIAS
The Week,LEFT BIAS
The State,LEFT-CENTER BIAS
The Telegraph,RIGHT BIAS
Miami Herald,LEFT-CENTER BIAS
Politico,LEFT-CENTER BIAS
The Daily Beast,LEFT BIAS
Good Morning America,LEFT-CENTER BIAS
Reuters Videos,LEFT BIAS
Time,LEFT-CENTER BIAS
Yahoo News 360,N/A
ABC News,LEFT-CENTER BIAS
NBC News,LEFT-CENTER BIAS
Washington Examiner,RIGHT BIAS
Axios,LEFT-CENTER BIAS
Idaho Statesman,LEAST BIASED
Charlotte Observer,LEFT-CENTER BIAS
NextShark,N/A
National Review,RIGHT BIAS
USA TODAY Opinion,N/A
TheGrio,LEFT BIAS
KGO – San Francisco,LEFT-CENTER BIAS
CBS News Videos,RIGHT-CENTER BIAS
Fox News,N/A
Lexington Herald-Leader,LEFT-CENTER BIAS
